train,eval,render,save_video,sleep,eval_episodes,env,td3,num_episode,start_training_steps,writer_freq,subgoal_dim,load_episode,model_save_freq,print_freq,exp_name,model_path,log_path,policy_freq_low,policy_freq_high,buffer_size,batch_size,buffer_freq,train_freq,reward_scaling,date
True,False,False,False,-1,5,AntMaze,False,25000,2500,25,15,-1,2000,250,,model,log,2,2,200000,100,10,10,0.1,20240515_170528
True,False,False,False,-1,5,AntMaze,False,25000,2500,25,15,-1,2000,250,,model,log,2,2,200000,100,10,10,0.1,20240515_170620
True,False,False,False,-1,5,AntMaze,False,25000,2500,25,15,-1,2000,250,,model,log,2,2,200000,100,10,10,0.1,20240515_215546
True,False,False,False,-1,5,AntMaze,False,25000,2500,25,15,-1,2000,250,,model,log,2,2,200000,100,10,10,0.1,"[1, 10, 15, 20, 25]",20240520_171009
True,False,False,False,-1,5,AntMaze,False,25000,2500,25,15,-1,2000,250,,model,log,2,2,200000,100,10,10,0.1,"[1, 10, 15, 20, 25]",20240520_171405
True,False,False,False,-1,5,AntMaze,False,25000,2500,25,15,-1,2000,250,,model,log,2,2,200000,100,10,10,0.1,"[1, 10, 15, 20, 25]",20240520_171803
True,False,False,False,-1,5,AntMaze,False,25000,2500,25,15,-1,2000,250,,model,log,2,2,200000,100,10,10,0.1,"[1, 10, 15, 20, 25]",20240521_203752
True,False,False,False,-1,5,AntMaze,False,25000,2500,25,15,-1,2000,250,,model,log,2,2,200000,100,10,10,0.1,"[1, 10, 15, 20, 25]",20240521_204107
True,False,False,False,-1,5,AntMaze,False,25000,2500,25,15,-1,2000,250,,model,log,2,2,200000,100,10,10,0.1,"[1, 10, 15, 20, 25]",20240521_204425
True,False,False,False,-1,5,AntMaze,False,25000,2500,25,15,-1,2000,250,,model,log,2,2,200000,100,10,10,0.1,"[1, 10, 15, 20, 25]",20240521_205824
True,False,False,False,-1,5,AntMaze,False,25000,2500,25,15,-1,2000,250,,model,log,2,2,200000,100,10,10,0.1,"[1, 10, 15, 20, 25]",20240521_205907
True,False,False,False,-1,5,AntMaze,False,25000,2500,25,15,-1,2000,250,,model,log,2,2,200000,100,10,10,0.1,"[1, 10, 15, 20, 25]",20240524_231136
True,False,False,False,-1,5,AntMaze,False,25000,2500,25,15,-1,2000,250,,model,log,2,2,200000,100,10,10,0.1,"[1, 10, 15, 20, 25]",20240524_232408
True,False,False,False,-1,5,AntMaze,False,25000,2500,25,15,-1,2000,250,,model,log,2,2,200000,100,10,10,0.1,"[1, 10, 15, 20, 25]",20240524_232908
True,False,False,False,-1,5,AntMaze,False,25000,2500,25,15,-1,2000,250,,model,log,2,2,200000,100,10,10,0.1,"[1, 10, 15, 20, 25]",20240527_090343
True,False,False,False,-1,5,AntMaze,False,25000,2500,25,15,-1,2000,250,,model,log,2,2,200000,100,10,10,0.1,"[1, 10, 15, 20, 25]",20240527_091405
True,False,False,False,-1,5,AntMaze,False,25000,2500,25,15,-1,2000,250,,model,log,2,2,200000,100,10,10,0.1,"[1, 10, 15, 20, 25]",20240527_091523
True,False,False,False,-1,5,AntMaze,False,25000,2500,25,15,-1,2000,250,,model,log,2,2,200000,100,10,10,0.1,"[1, 10, 15, 20, 25]",20240527_091740
True,False,False,False,-1,5,AntMaze,False,25000,2500,25,15,-1,2000,250,,model,log,2,2,200000,100,10,10,0.1,"[1, 10, 15, 20, 25]",20240527_092147
True,False,False,False,-1,5,AntMaze,False,25000,2500,25,15,-1,2000,250,,model,log,2,2,200000,100,10,10,0.1,"[1, 10, 15, 20, 25]",20240527_092218
True,False,False,False,-1,5,AntMaze,False,25000,2500,25,15,-1,2000,250,,model,log,2,2,200000,100,10,10,0.1,"[1, 10, 15, 20, 25]",20240527_092309
True,False,False,False,-1,5,AntMaze,False,25000,2500,25,15,-1,2000,250,,model,log,2,2,200000,100,10,10,0.1,"[1, 10, 15, 20, 25]",20240527_093505
True,False,False,False,-1,5,AntMaze,False,25000,2500,25,15,-1,2000,250,,model,log,2,2,200000,100,10,10,0.1,"[1, 10, 15, 20, 25]",20240527_093531
True,False,False,False,-1,5,AntMaze,False,25000,2500,25,15,-1,2000,250,,model,log,2,2,200000,100,10,10,0.1,"[1, 10, 15, 20, 25]",20240527_112913
True,False,False,False,-1,5,AntMaze,False,25000,2500,25,15,-1,2000,250,,model,log,2,2,200000,100,10,10,0.1,"[1, 10, 15, 20, 25]",20240527_113159
True,False,False,False,-1,5,AntMaze,False,25000,2500,25,15,-1,2000,250,,model,log,2,2,200000,100,10,10,0.1,"[1, 10, 15, 20, 25]",20240528_180619
True,False,False,False,-1,5,AntMaze,False,25000,2500,25,15,-1,2000,250,,model,log,2,2,200000,100,10,10,0.1,"[1, 10, 15, 20, 25]",20240528_181541
True,False,False,False,-1,5,AntMaze,False,25000,2500,25,15,-1,2000,250,,model,log,2,2,200000,100,10,10,0.1,"[1, 10, 15, 20, 25]",20240528_181716
True,False,False,False,-1,5,AntMaze,False,25000,2500,25,15,-1,2000,250,,model,log,2,2,200000,100,10,10,0.1,"[1, 10, 15, 20, 25]",20240528_181904
True,False,False,False,-1,5,AntMaze,False,25000,2500,25,15,-1,2000,250,,model,log,2,2,200000,100,10,10,0.1,"[1, 10, 15, 20, 25]",20240528_182016
True,False,False,False,-1,5,AntMaze,False,25000,2500,25,15,-1,2000,250,,model,log,2,2,200000,100,10,10,0.1,"[1, 10, 15, 20, 25]",20240529_115418
True,False,False,False,-1,5,AntMaze,False,25000,2500,25,15,-1,2000,250,,model,log,2,2,200000,100,10,10,0.1,"[1, 10, 15, 20, 25]",20240529_115635
True,False,False,False,-1,5,AntMaze,False,25000,2500,25,15,-1,2000,250,,model,log,2,2,200000,100,10,10,0.1,"[1, 10, 15, 20, 25]",20240529_115933
True,False,False,False,-1,5,AntMaze,False,25000,2500,25,15,-1,2000,250,,model,log,2,2,200000,100,10,10,0.1,"[1, 10, 15, 20, 25]",20240529_120310
True,False,False,False,-1,5,AntMaze,False,25000,2500,25,15,-1,2000,250,,model,log,2,2,200000,100,10,10,0.1,"[1, 10, 15, 20, 25]",20240529_120447
True,False,False,False,-1,5,AntMaze,False,25000,2500,25,15,-1,2000,250,,model,log,2,2,200000,100,10,10,0.1,"[1, 10, 15, 20, 25]",20240529_120636
True,False,False,False,-1,5,AntMaze,False,25000,2500,25,15,-1,2000,250,,model,log,2,2,200000,100,10,10,0.1,"[1, 10, 15, 20, 25]",20240529_120652
True,False,False,False,-1,5,AntMaze,False,25000,2500,25,15,-1,2000,250,,model,log,2,2,200000,100,10,10,0.1,"[1, 10, 15, 20, 25]",20240529_124146
True,False,False,False,-1,5,AntMaze,False,25000,2500,25,15,-1,2000,250,,model,log,2,2,200000,100,10,10,0.1,"[1, 10, 15, 20, 25]",20240529_124252
True,False,False,False,-1,5,AntMaze,False,25000,2500,25,15,-1,2000,250,,model,log,2,2,200000,100,10,10,0.1,"[1, 10, 15, 20, 25]",20240529_124448
True,False,False,False,-1,5,AntMaze,False,25000,2500,25,15,-1,2000,250,,model,log,2,2,200000,100,10,10,0.1,"[1, 10, 15, 20, 25]",20240529_124644
True,False,False,False,-1,5,AntMaze,False,25000,2500,25,15,-1,2000,250,,model,log,2,2,200000,100,10,10,0.1,"[1, 10, 15, 20, 25]",20240529_124948
True,False,False,False,-1,5,AntMaze,False,25000,2500,25,15,-1,2000,250,,model,log,2,2,200000,100,10,10,0.1,"[1, 10, 15, 20, 25]",20240529_125218
True,False,False,False,-1,5,AntMaze,False,25000,2500,25,15,-1,2000,250,,model,log,2,2,200000,100,10,10,0.1,"[1, 10, 15, 20, 25]",20240529_125315
True,False,False,False,-1,5,AntMaze,False,25000,2500,25,15,-1,2000,250,,model,log,2,2,200000,100,10,10,0.1,"[1, 10, 15, 20, 25]",20240529_125656
True,False,False,False,-1,5,AntMaze,False,25000,2500,25,15,-1,2000,250,,model,log,2,2,200000,100,10,10,0.1,"[1, 10, 15, 20, 25]",20240529_131605
True,False,False,False,-1,5,AntMaze,False,25000,2500,25,15,-1,2000,250,,model,log,2,2,200000,100,10,10,0.1,"[1, 10, 15, 20, 25]",20240529_131620
True,False,False,False,-1,5,AntMaze,False,25000,2500,25,15,-1,2000,250,,model,log,2,2,200000,100,10,10,0.1,"[1, 10, 15, 20, 25]",20240529_132841
True,False,False,False,-1,5,AntMaze,False,25000,2500,25,15,-1,2000,250,,model,log,2,2,200000,100,10,10,0.1,"[1, 10, 15, 20, 25]",20240529_133105
True,False,False,False,-1,5,AntMaze,False,25000,2500,25,15,-1,2000,250,,model,log,2,2,200000,100,10,10,0.1,"[1, 10, 15, 20, 25]",20240529_133259
True,False,False,False,-1,5,AntMaze,False,25000,2500,25,15,-1,2000,250,,model,log,2,2,200000,100,10,10,0.1,"[1, 10, 15, 20, 25]",20240529_135801
True,False,False,False,-1,5,AntMaze,False,25000,2500,25,15,-1,2000,250,,model,log,2,2,200000,100,10,10,0.1,"[1, 10, 15, 20, 25]",20240529_135853
True,False,False,False,-1,5,AntMaze,False,25000,2500,25,15,-1,2000,250,,model,log,2,2,200000,100,10,10,0.1,"[1, 10, 15, 20, 25]",20240529_140816
True,False,False,False,-1,5,AntMaze,False,25000,2500,25,15,-1,2000,250,,model,log,2,2,200000,100,10,10,0.1,"[1, 10, 15, 20, 25]",20240529_140930
True,False,False,False,-1,5,AntMaze,False,25000,2500,25,15,-1,2000,250,,model,log,2,2,200000,100,10,10,0.1,"[1, 10, 15, 20, 25]",20240529_140947
True,False,False,False,-1,5,AntMaze,False,25000,2500,25,15,-1,2000,250,,model,log,2,2,200000,100,10,10,0.1,"[1, 10, 15, 20, 25]",20240529_141158
True,False,False,False,-1,5,AntMaze,False,25000,2500,25,15,-1,2000,250,,model,log,2,2,200000,100,10,10,0.1,"[1, 10, 15, 20, 25]",20240529_141559
True,False,False,False,-1,5,AntMaze,False,25000,2500,25,15,-1,2000,250,,model,log,2,2,200000,100,10,10,0.1,"[1, 10, 15, 20, 25]",20240529_141659
True,False,False,False,-1,5,AntMaze,False,25000,2500,25,15,-1,2000,250,,model,log,2,2,200000,100,10,10,0.1,"[1, 10, 15, 20, 25]",20240529_141759
True,False,False,False,-1,5,AntMaze,False,25000,2500,25,15,-1,2000,250,,model,log,2,2,200000,100,10,10,0.1,"[1, 10, 15, 20, 25]",20240529_142410
True,False,False,False,-1,5,AntMaze,False,25000,2500,25,15,-1,2000,250,,model,log,2,2,200000,100,10,10,0.1,"[1, 10, 15, 20, 25]",20240529_142438
True,False,False,False,-1,5,AntMaze,False,25000,2500,25,15,-1,2000,250,,model,log,2,2,200000,100,10,10,0.1,"[1, 10, 15, 20, 25]",20240529_163746
True,False,False,False,-1,5,AntMaze,False,25000,2500,25,15,-1,2000,250,,model,log,2,2,200000,100,10,10,0.1,"[1, 10, 15, 20, 25]",20240529_163827
True,False,False,False,-1,5,AntMaze,False,25000,2500,25,15,-1,2000,250,,model,log,2,2,200000,100,10,10,0.1,"[1, 10, 15, 20, 25]",20240529_163941
True,False,False,False,-1,5,AntMaze,False,25000,2500,25,15,-1,2000,250,,model,log,2,2,200000,100,10,10,0.1,"[1, 10, 15, 20, 25]",20240529_164024
True,False,False,False,-1,5,AntMaze,False,25000,2500,25,15,-1,2000,250,,model,log,2,2,200000,100,10,10,0.1,"[1, 10, 15, 20, 25]",20240529_164505
True,False,False,False,-1,5,AntMaze,False,25000,2500,25,15,-1,2000,250,,model,log,2,2,200000,100,10,10,0.1,"[1, 10, 15, 20, 25]",20240529_164523
True,False,False,False,-1,5,AntMaze,False,25000,2500,25,15,-1,2000,250,,model,log,2,2,200000,100,10,10,0.1,"[1, 10, 15, 20, 25]",20240529_164805
True,False,False,False,-1,5,AntMaze,False,25000,2500,25,15,-1,2000,250,,model,log,2,2,200000,100,10,10,0.1,"[1, 10, 15, 20, 25]",20240529_165343
True,False,False,False,-1,5,AntMaze,False,25000,2500,25,15,-1,2000,250,,model,log,2,2,200000,100,10,10,0.1,"[1, 10, 15, 20, 25]",20240529_165429
True,False,False,False,-1,5,AntMaze,False,25000,2500,25,15,-1,2000,250,,model,log,2,2,200000,100,10,10,0.1,"[1, 10, 15, 20, 25]",20240529_165721
True,False,False,False,-1,5,AntMaze,False,25000,2500,25,15,-1,2000,250,,model,log,2,2,200000,100,10,10,0.1,"[1, 10, 15, 20, 25]",20240529_165755
True,False,False,False,-1,5,AntMaze,False,25000,2500,25,15,-1,2000,250,,model,log,2,2,200000,100,10,10,0.1,"[1, 10, 15, 20, 25]",20240529_165818
True,False,False,False,-1,5,AntMaze,False,25000,2500,25,15,-1,2000,250,,model,log,2,2,200000,100,10,10,0.1,"[1, 10, 15, 20, 25]",20240529_165859
True,False,False,False,-1,5,AntMaze,False,25000,2500,25,15,-1,2000,250,,model,log,2,2,200000,100,10,10,0.1,"[1, 10, 15, 20, 25]",20240529_170815
True,False,False,False,-1,5,AntMaze,False,25000,2500,25,15,-1,2000,250,,model,log,2,2,200000,100,10,10,0.1,"[1, 10, 15, 20, 25]",20240529_171125
True,False,False,False,-1,5,AntMaze,False,25000,2500,25,15,-1,2000,250,,model,log,2,2,200000,100,10,10,0.1,"[1, 10, 15, 20, 25]",20240529_171227
True,False,False,False,-1,5,AntMaze,False,25000,2500,25,15,-1,2000,250,,model,log,2,2,200000,100,10,10,0.1,"[1, 10, 15, 20, 25]",20240529_171257
True,False,False,False,-1,5,AntMaze,False,25000,2500,25,15,-1,2000,250,,model,log,2,2,200000,100,10,10,0.1,"[1, 10, 15, 20, 25]",20240529_171404
True,False,False,False,-1,5,AntMaze,False,25000,2500,25,15,-1,2000,250,,model,log,2,2,200000,100,10,10,0.1,"[1, 10, 15, 20, 25]",20240529_171536
True,False,False,False,-1,5,AntMaze,False,25000,2500,25,15,-1,2000,250,,model,log,2,2,200000,100,10,10,0.1,"[1, 10, 15, 20, 25]",20240529_171754
True,False,False,False,-1,5,AntMaze,False,25000,2500,25,15,-1,2000,250,,model,log,2,2,200000,100,10,10,0.1,"[1, 10, 15, 20, 25]",20240529_171855
True,False,False,False,-1,5,AntMaze,False,25000,2500,25,15,-1,2000,250,,model,log,2,2,200000,100,10,10,0.1,"[1, 10, 15, 20, 25]",20240529_171952
True,False,False,False,-1,5,AntMaze,False,25000,2500,25,15,-1,2000,250,,model,log,2,2,200000,100,10,10,0.1,"[1, 10, 15, 20, 25]",20240529_172045
True,False,False,False,-1,5,AntMaze,False,25000,2500,25,15,-1,2000,250,,model,log,2,2,200000,100,10,10,0.1,"[1, 10, 15, 20, 25]",20240529_172329
True,False,False,False,-1,5,AntMaze,False,25000,2500,25,15,-1,2000,250,,model,log,2,2,200000,100,10,10,0.1,"[1, 10, 15, 20, 25]",20240529_183219
True,False,False,False,-1,5,AntMaze,False,25000,2500,25,15,-1,2000,250,,model,log,2,2,200000,100,10,10,0.1,"[1, 10, 15, 20, 25]",20240529_183438
True,False,False,False,-1,5,AntMaze,False,25000,2500,25,15,-1,2000,250,,model,log,2,2,200000,100,10,10,0.1,"[1, 10, 15, 20, 25]",20240529_183513
True,False,False,False,-1,5,AntMaze,False,25000,2500,25,15,-1,2000,250,,model,log,2,2,200000,100,10,10,0.1,"[1, 10, 15, 20, 25]",20240529_183554
True,False,False,False,-1,5,AntMaze,False,25000,2500,25,15,-1,2000,250,,model,log,2,2,200000,100,10,10,0.1,"[1, 10, 15, 20, 25]",20240529_183756
True,False,False,False,-1,5,AntMaze,False,25000,2500,25,15,-1,2000,250,,model,log,2,2,200000,100,10,10,0.1,"[1, 10, 15, 20, 25]",20240529_183816
True,False,False,False,-1,5,AntMaze,False,25000,2500,25,15,-1,2000,250,,model,log,2,2,200000,100,10,10,0.1,"[1, 10, 15, 20, 25]",20240529_183856
True,False,False,False,-1,5,AntMaze,False,25000,2500,25,15,-1,2000,250,,model,log,2,2,200000,100,10,10,0.1,"[1, 10, 15, 20, 25]",20240529_183911
True,False,False,False,-1,5,AntMaze,False,25000,2500,25,15,-1,2000,250,,model,log,2,2,200000,100,10,10,0.1,"[1, 10, 15, 20, 25]",20240529_184916
True,False,False,False,-1,5,AntMaze,False,25000,2500,25,15,-1,2000,250,,model,log,2,2,200000,100,10,10,0.1,"[1, 10, 15, 20, 25]",20240529_185204
True,False,False,False,-1,5,AntMaze,False,25000,2500,25,15,-1,2000,250,,model,log,2,2,200000,100,10,10,0.1,"[1, 10, 15, 20, 25]",20240529_192339
True,False,False,False,-1,5,AntMaze,False,25000,2500,25,15,-1,2000,250,,model,log,2,2,200000,100,10,10,0.1,"[1, 10, 15, 20, 25]",20240529_214848
True,False,False,False,-1,5,AntMaze,False,25000,2500,25,15,-1,2000,250,,model,log,2,2,200000,100,10,10,0.1,"[1, 10, 15, 20, 25]",20240530_085557
True,False,False,False,-1,5,AntMaze,False,25000,2500,25,15,-1,2000,250,,model,log,2,2,200000,100,10,10,0.1,"[1, 10, 15, 20, 25]",20240531_103025
True,False,False,False,-1,5,AntMaze,False,25000,2500,25,15,-1,2000,250,,model,log,2,2,200000,100,10,10,0.1,"[1, 10, 15, 20, 25]",20240624_145300
True,False,False,False,-1,5,AntMaze,False,25000,2500,25,15,-1,2000,250,,model,log,2,2,200000,100,10,10,0.1,"[1, 10, 15, 20, 25]",20240624_145400
True,False,False,False,-1,5,AntMaze,False,25000,2500,25,15,-1,2000,250,,model,log,2,2,200000,100,10,10,0.1,"[1, 10, 15, 20, 25]",20240624_145425
True,False,False,False,-1,5,AntMaze,False,25000,2500,25,15,-1,2000,250,,model,log,2,2,200000,100,10,10,0.1,"[1, 10, 15, 20, 25]",20240624_145655
True,False,False,False,-1,5,AntMaze,False,25000,2500,25,15,-1,2000,250,,model,log,2,2,200000,100,10,10,0.1,"[1, 10, 15, 20, 25]",20240624_150144
True,False,False,False,-1,5,AntMaze,False,25000,2500,25,15,-1,2000,250,,model,log,2,2,200000,100,10,10,0.1,"[1, 10, 15, 20, 25]",20240624_150208
True,False,False,False,-1,5,AntMaze,False,25000,2500,25,15,-1,2000,250,,model,log,2,2,200000,100,10,10,0.1,"[1, 10, 15, 20, 25]",20240624_150402
True,False,False,False,-1,5,AntMaze,False,25000,2500,25,15,-1,2000,250,,model,log,2,2,200000,100,10,10,0.1,"[1, 10, 15, 20, 25]",20240624_150750
True,False,False,False,-1,5,AntMaze,False,25000,2500,25,15,-1,2000,250,,model,log,2,2,200000,100,10,10,0.1,"[1, 10, 15, 20, 25]",20240624_150843
True,False,False,False,-1,5,AntMaze,False,25000,2500,25,15,-1,2000,250,,model,log,2,2,200000,100,10,10,0.1,"[1, 10, 15, 20, 25]",20240624_150930
True,False,False,False,-1,5,AntMaze,False,25000,2500,25,15,-1,2000,250,,model,log,2,2,200000,100,10,10,0.1,"[1, 10, 15, 20, 25]",20240624_151129
True,False,False,False,-1,5,AntMaze,False,25000,2500,25,15,-1,2000,250,,model,log,2,2,200000,100,10,10,0.1,"[1, 10, 15, 20, 25]",20240624_151917
True,False,False,False,-1,5,AntMaze,False,25000,2500,25,15,-1,2000,250,,model,log,2,2,200000,100,10,10,0.1,"[1, 10, 15, 20, 25]",20240624_151930
True,False,False,False,-1,5,AntMaze,False,25000,2500,25,15,-1,2000,250,,model,log,2,2,200000,100,10,10,0.1,"[1, 10, 15, 20, 25]",20240624_151958
True,False,False,False,-1,5,AntMaze,False,25000,2500,25,15,-1,2000,250,,model,log,2,2,200000,100,10,10,0.1,"[1, 10, 15, 20, 25]",20240624_152134
True,False,False,False,-1,5,AntMaze,False,25000,2500,25,15,-1,2000,250,,model,log,2,2,200000,100,10,10,0.1,"[1, 10, 15, 20, 25]",20240624_152206
True,False,False,False,-1,5,AntMaze,False,25000,2500,25,15,-1,2000,250,,model,log,2,2,200000,100,10,10,0.1,"[1, 10, 15, 20, 25]",20240624_152519
True,False,False,False,-1,5,AntMaze,False,25000,2500,25,15,-1,2000,250,,model,log,2,2,200000,100,10,10,0.1,"[1, 10, 15, 20, 25]",20240624_152545
True,False,False,False,-1,5,AntMaze,False,25000,2500,25,15,-1,2000,250,,model,log,2,2,200000,100,10,10,0.1,"[1, 10, 15, 20, 25]",20240624_152623
True,False,False,False,-1,5,AntMaze,False,25000,2500,25,15,-1,2000,250,,model,log,2,2,200000,100,10,10,0.1,"[1, 10, 15, 20, 25]",20240624_152647
True,False,False,False,-1,5,AntMaze,False,25000,2500,25,15,-1,2000,250,,model,log,2,2,200000,100,10,10,0.1,"[1, 10, 15, 20, 25]",20240624_152715
True,False,False,False,-1,5,AntMaze,False,25000,2500,25,15,-1,2000,250,,model,log,2,2,200000,100,10,10,0.1,"[1, 10, 15, 20, 25]",20240624_152812
True,False,False,False,-1,5,AntMaze,False,25000,2500,25,15,-1,2000,250,,model,log,2,2,200000,100,10,10,0.1,"[1, 10, 15, 20, 25]",20240624_152840
True,False,False,False,-1,5,AntMaze,False,25000,2500,25,15,-1,2000,250,,model,log,2,2,200000,100,10,10,0.1,"[1, 10, 15, 20, 25]",20240624_152908
True,False,False,False,-1,5,AntMaze,False,25000,2500,25,15,-1,2000,250,,model,log,2,2,200000,100,10,10,0.1,"[1, 10, 15, 20, 25]",20240624_152931
True,False,False,False,-1,5,AntMaze,False,25000,2500,25,15,-1,2000,250,,model,log,2,2,200000,100,10,10,0.1,"[1, 10, 15, 20, 25]",20240624_153019
True,False,False,False,-1,5,AntMaze,False,25000,2500,25,15,-1,2000,250,,model,log,2,2,200000,100,10,10,0.1,"[1, 10, 15, 20, 25]",20240624_153124
True,False,False,False,-1,5,AntMaze,False,25000,2500,25,15,-1,2000,250,,model,log,2,2,200000,100,10,10,0.1,"[1, 10, 15, 20, 25]",20240624_153234
True,False,False,False,-1,5,AntMaze,False,25000,2500,25,15,-1,2000,250,,model,log,2,2,200000,100,10,10,0.1,"[1, 10, 15, 20, 25]",20240624_153309
True,False,False,False,-1,5,AntMaze,False,25000,2500,25,15,-1,2000,250,,model,log,2,2,200000,100,10,10,0.1,"[1, 10, 15, 20, 25]",20240624_153336
True,False,False,False,-1,5,AntMaze,False,25000,2500,25,15,-1,2000,250,,model,log,2,2,200000,100,10,10,0.1,"[1, 10, 15, 20, 25]",20240624_153349
True,False,False,False,-1,5,AntMaze,False,25000,2500,25,15,-1,2000,250,,model,log,2,2,200000,100,10,10,0.1,"[1, 10, 15, 20, 25]",20240624_153403
True,False,False,False,-1,5,AntMaze,False,25000,2500,25,15,-1,2000,250,,model,log,2,2,200000,100,10,10,0.1,"[1, 10, 15, 20, 25]",20240624_153427
True,False,False,False,-1,5,AntMaze,False,25000,2500,25,15,-1,2000,250,,model,log,2,2,200000,100,10,10,0.1,"[1, 10, 15, 20, 25]",20240624_153531
True,False,False,False,-1,5,AntMaze,False,25000,2500,25,15,-1,2000,250,,model,log,2,2,200000,100,10,10,0.1,"[1, 10, 15, 20, 25]",20240624_154152
True,False,False,False,-1,5,AntMaze,False,25000,2500,25,15,-1,2000,250,,model,log,2,2,200000,100,10,10,0.1,"[1, 10, 15, 20, 25]",20240624_154419
True,False,False,False,-1,5,AntMaze,False,25000,2500,25,15,-1,2000,250,,model,log,2,2,200000,100,10,10,0.1,"[1, 10, 15, 20, 25]",20240624_154446
True,False,False,False,-1,5,AntMaze,False,25000,2500,25,15,-1,2000,250,,model,log,2,2,200000,100,10,10,0.1,"[1, 10, 15, 20, 25]",20240624_154658
True,False,False,False,-1,5,AntMaze,False,25000,2500,25,15,-1,2000,250,,model,log,2,2,200000,100,10,10,0.1,"[1, 10, 15, 20, 25]",20240624_154738
True,False,False,False,-1,5,AntMaze,False,25000,2500,25,15,-1,2000,250,,model,log,2,2,200000,100,10,10,0.1,"[1, 10, 15, 20, 25]",20240624_154839
True,False,False,False,-1,5,AntMaze,False,25000,2500,25,15,-1,2000,250,,model,log,2,2,200000,100,10,10,0.1,"[1, 10, 15, 20, 25]",20240624_154928
True,False,False,False,-1,5,AntMaze,False,25000,2500,25,15,-1,2000,250,,model,log,2,2,200000,100,10,10,0.1,"[1, 10, 15, 20, 25]",20240624_155201
True,False,False,False,-1,5,AntMaze,False,25000,2500,25,15,-1,2000,250,,model,log,2,2,200000,100,10,10,0.1,"[1, 10, 15, 20, 25]",20240624_155318
True,False,False,False,-1,5,AntMaze,False,25000,2500,25,15,-1,2000,250,,model,log,2,2,200000,100,10,10,0.1,"[1, 10, 15, 20, 25]",20240624_155411
True,False,False,False,-1,5,AntMaze,False,25000,2500,25,15,-1,2000,250,,model,log,2,2,200000,100,10,10,0.1,"[1, 10, 15, 20, 25]",20240624_155500
True,False,False,False,-1,5,AntMaze,False,25000,2500,25,15,-1,2000,250,,model,log,2,2,200000,100,10,10,0.1,"[1, 10, 15, 20, 25]",20240624_155543
True,False,False,False,-1,5,AntMaze,False,25000,2500,25,15,-1,2000,250,,model,log,2,2,200000,100,10,10,0.1,"[1, 10, 15, 20, 25]",20240624_155705
True,False,False,False,-1,5,AntMaze,False,25000,2500,25,15,-1,2000,250,,model,log,2,2,200000,100,10,10,0.1,"[1, 10, 15, 20, 25]",20240624_160020
True,False,False,False,-1,5,AntMaze,False,25000,2500,25,15,-1,2000,250,,model,log,2,2,200000,100,10,10,0.1,"[1, 10, 15, 20, 25]",20240624_160202
True,False,False,False,-1,5,AntMaze,False,25000,2500,25,15,-1,2000,250,,model,log,2,2,200000,100,10,10,0.1,"[1, 10, 15, 20, 25]",20240627_144639
True,False,False,False,-1,5,AntMaze,False,25000,2500,25,15,-1,2000,250,,model,log,2,2,200000,100,10,10,0.1,"[1, 10, 15, 20, 25]",20240627_144810
True,False,False,False,-1,5,AntMaze,False,25000,2500,25,15,-1,2000,250,,model,log,2,2,200000,100,10,10,0.1,"[1, 10, 15, 20, 25]",20240627_144918
True,False,False,False,-1,5,AntMaze,False,25000,2500,25,15,-1,2000,250,,model,log,2,2,200000,100,10,10,0.1,"[1, 10, 15, 20, 25]",20240627_145752
True,False,False,False,-1,5,AntMaze,False,25000,2500,25,15,-1,2000,250,,model,log,2,2,200000,100,10,10,0.1,"[1, 10, 15, 20, 25]",20240627_145828
True,False,False,False,-1,5,AntMaze,False,25000,2500,25,15,-1,2000,250,,model,log,2,2,200000,100,10,10,0.1,"[1, 10, 15, 20, 25]",20240627_150018
True,False,False,False,-1,5,AntMaze,False,25000,2500,25,15,-1,2000,250,,model,log,2,2,200000,100,10,10,0.1,"[1, 10, 15, 20, 25]",20240627_150044
True,False,False,False,-1,5,AntMaze,False,25000,2500,25,15,-1,2000,250,,model,log,2,2,200000,100,10,10,0.1,"[1, 10, 15, 20, 25]",20240627_150314
True,False,False,False,-1,5,AntMaze,False,25000,2500,25,15,-1,2000,250,,model,log,2,2,200000,100,10,10,0.1,"[1, 10, 15, 20, 25]",20240627_150830
True,False,False,False,-1,5,AntMaze,False,25000,2500,25,15,-1,2000,250,,model,log,2,2,200000,100,10,10,0.1,"[1, 10, 15, 20, 25]",20240627_150928
True,False,False,False,-1,5,AntMaze,False,25000,2500,25,15,-1,2000,250,,model,log,2,2,200000,100,10,10,0.1,"[1, 10, 15, 20, 25]",20240627_151034
True,False,False,False,-1,5,AntMaze,False,25000,2500,25,15,-1,2000,250,,model,log,2,2,200000,100,10,10,0.1,"[1, 10, 15, 20, 25]",20240627_151658
True,False,False,False,-1,5,AntMaze,False,25000,2500,25,15,-1,2000,250,,model,log,2,2,200000,100,10,10,0.1,"[1, 10, 15, 20, 25]",20240627_152112
True,False,False,False,-1,5,AntMaze,False,25000,2500,25,15,-1,2000,250,,model,log,2,2,200000,100,10,10,0.1,"[1, 10, 15, 20, 25]",20240627_152223
True,False,False,False,-1,5,AntMaze,False,25000,2500,25,15,-1,2000,250,,model,log,2,2,200000,100,10,10,0.1,"[1, 10, 15, 20, 25]",20240627_160738
True,False,False,False,-1,5,AntMaze,False,25000,2500,25,15,-1,2000,250,,model,log,2,2,200000,100,10,10,0.1,"[1, 10, 15, 20, 25]",20240627_160901
True,False,False,False,-1,5,AntMaze,False,25000,2500,25,15,-1,2000,250,,model,log,2,2,200000,100,10,10,0.1,"[1, 10, 15, 20, 25]",20240627_160944
True,False,False,False,-1,5,AntMaze,False,25000,2500,25,15,-1,2000,250,,model,log,2,2,200000,100,10,10,0.1,"[1, 10, 15, 20, 25]",20240630_193250
True,False,False,False,-1,5,AntMaze,False,25000,2500,25,15,-1,2000,250,,model,log,2,2,200000,100,10,10,0.1,"[1, 10, 15, 20, 25]",20240630_201229
True,False,False,False,-1,5,AntMaze,False,25000,2500,25,15,-1,2000,5,,model,log,2,2,200000,100,10,10,0.1,"[1, 10, 15, 20, 25]",20240630_221605
True,False,False,False,-1,5,AntMaze,False,25000,2500,25,15,-1,2000,5,,model,log,2,2,200000,100,10,10,0.1,"[1, 10, 15, 20, 25]",20240630_221647
True,False,False,False,-1,5,AntMaze,False,25000,2500,25,15,-1,2000,5,,model,log,2,2,200000,100,10,10,0.1,"[1, 10, 15, 20, 25]",20240630_224321
True,False,False,False,-1,5,AntMaze,False,25000,2500,25,15,-1,2000,5,,model,log,2,2,200000,100,10,10,0.1,"[1, 10, 15, 20, 25]",20240630_224420
True,False,False,False,-1,5,AntMaze,False,25000,2500,25,15,-1,2000,5,,model,log,2,2,200000,100,10,10,0.1,"[1, 10, 15, 20, 25]",20240630_224621
True,False,False,False,-1,5,AntMaze,False,25000,2500,25,15,-1,2000,5,,model,log,2,2,200000,100,10,10,0.1,"[1, 10, 15, 20, 25]",20240630_225054
True,False,False,False,-1,5,AntMaze,False,25000,2500,25,15,-1,2000,5,,model,log,2,2,200000,100,10,10,0.1,"[1, 10, 15, 20, 25]",20240630_230803
True,False,False,False,-1,5,AntMaze,False,25000,2500,25,15,-1,2000,100,,model,log,2,2,200000,100,10,10,0.1,"[1, 10, 15, 20, 25]",20240630_231949
True,False,False,False,-1,5,AntMaze,False,25000,2500,25,15,-1,2000,100,,model,log,2,2,200000,100,10,10,0.1,"[1, 10, 15, 20, 25]",20240702_173042
True,False,False,False,-1,5,AntMaze,False,25000,2500,25,15,-1,2000,100,,model,log,2,2,200000,100,10,10,0.1,"[1, 10, 15, 20, 25]",20240702_173107
True,False,False,False,-1,5,AntMaze,False,25000,2500,25,15,-1,2000,100,,model,log,2,2,200000,100,10,10,0.1,"[1, 10, 15, 20, 25]",20240702_173215
True,False,False,False,-1,5,AntMaze,False,25000,2500,25,15,-1,2000,100,,model,log,2,2,200000,100,10,10,0.1,"[1, 10, 15, 20, 25]",20240703_105712
True,False,False,False,-1,5,AntMaze,False,25000,2500,25,15,-1,2000,100,,model,log,2,2,200000,100,10,10,0.1,"[1, 10, 15, 20, 25]",20240703_110339
True,False,False,False,-1,5,AntMaze,False,25000,2500,25,15,-1,2000,100,,model,log,2,2,200000,100,10,10,0.1,"[1, 10, 15, 20, 25]",20240703_174120
True,False,False,False,-1,5,AntMaze,False,25000,2500,25,15,-1,2000,100,,model,log,2,2,200000,100,10,10,0.1,"[1, 10, 15, 20, 25]",20240703_200942
True,False,False,False,-1,5,AntMaze,False,25000,2500,25,15,-1,2000,100,,model,log,2,2,200000,100,10,10,0.1,"[1, 10, 15, 20, 25]",20240703_201312
True,False,False,False,-1,5,AntMaze,False,25000,2500,25,15,-1,2000,100,,model,log,2,2,200000,100,10,10,0.1,"[1, 10, 15, 20, 25]",20240703_202047
True,False,False,False,-1,5,AntMaze,False,25000,2500,25,15,-1,2000,100,,model,log,2,2,200000,100,10,10,0.1,"[1, 10, 15, 20, 25]",20240703_202159
True,False,False,False,-1,5,AntMaze,False,25000,2500,25,15,-1,2000,100,,model,log,2,2,200000,100,10,10,0.1,"[1, 10, 15, 20, 25]",20240703_203148
True,False,False,False,-1,5,AntMaze,False,25000,2500,25,15,-1,2000,100,,model,log,2,2,200000,100,10,10,0.1,"[1, 10, 15, 20, 25]",20240703_203233
True,False,False,False,-1,5,AntMaze,False,25000,2500,25,15,-1,2000,100,,model,log,2,2,200000,100,10,10,0.1,"[1, 10, 15, 20, 25]",20240703_203323
True,False,False,False,-1,5,AntMaze,False,25000,2500,25,15,-1,2000,100,,model,log,2,2,200000,100,10,10,0.1,"[1, 10, 15, 20, 25]",20240703_203401
True,False,False,False,-1,5,AntMaze,False,25000,2500,25,15,-1,2000,100,,model,log,2,2,200000,100,10,10,0.1,"[1, 10, 15, 20, 25]",20240703_203526
True,False,False,False,-1,5,AntMaze,False,25000,2500,25,15,-1,2000,100,,model,log,2,2,200000,100,10,10,0.1,"[1, 10, 15, 20, 25]",20240703_203735
True,False,False,False,-1,5,AntMaze,False,25000,2500,25,15,-1,2000,100,,model,log,2,2,200000,100,10,10,0.1,"[1, 10, 15, 20, 25]",20240705_200445
True,False,False,False,-1,5,AntMaze,False,25000,2500,25,15,-1,2000,100,,model,log,2,2,200000,100,10,10,0.1,"[1, 10, 15, 20, 25]",20240705_200853
True,False,False,False,-1,5,AntMaze,False,25000,2500,25,15,-1,2000,100,,model,log,2,2,200000,100,10,10,0.1,"[1, 10, 15, 20, 25]",20240705_201312
True,False,False,False,-1,5,AntMaze,False,25000,2500,25,15,-1,2000,100,,model,log,2,2,200000,100,10,10,0.1,"[1, 10, 15, 20, 25]",20240705_201553
True,False,False,False,-1,5,AntMaze,False,25000,2500,25,15,-1,2000,100,,model,log,2,2,200000,100,10,10,0.1,"[1, 10, 15, 20, 25]",20240705_202004
True,False,False,False,-1,5,AntMaze,False,25000,2500,25,15,-1,2000,100,,model,log,2,2,200000,100,10,10,0.1,"[1, 10, 15, 20, 25]",20240705_202057
True,False,False,False,-1,5,AntMaze,False,25000,2500,25,15,-1,2000,100,,model,log,2,2,200000,100,10,10,0.1,"[1, 10, 15, 20, 25]",20240705_202347
True,False,False,False,-1,5,AntMaze,False,25000,2500,25,15,-1,2000,100,,model,log,2,2,200000,100,10,10,0.1,"[1, 10, 15, 20, 25]",20240705_202519
True,False,False,False,-1,5,AntMaze,False,25000,2500,25,15,-1,2000,100,,model,log,2,2,200000,100,10,10,0.1,"[1, 10, 15, 20, 25]",20240705_203558
True,False,False,False,-1,5,AntMaze,False,25000,2500,25,15,-1,2000,100,,model,log,2,2,200000,100,10,10,0.1,"[1, 10, 15, 20, 25]",20240705_203720
True,False,False,False,-1,5,AntMaze,False,25000,2500,25,15,-1,2000,100,,model,log,2,2,200000,100,10,10,0.1,"[1, 10, 15, 20, 25]",20240705_203819
True,False,False,False,-1,5,AntMaze,False,25000,2500,25,15,-1,2000,100,,model,log,2,2,200000,100,10,10,0.1,"[1, 10, 15, 20, 25]",20240705_204638
True,False,False,False,-1,5,AntMaze,False,25000,2500,25,15,-1,2000,100,,model,log,2,2,200000,100,10,10,0.1,"[1, 10, 15, 20, 25]",20240705_205315
True,False,False,False,-1,5,AntMaze,False,25000,2500,25,15,-1,2000,100,,model,log,2,2,200000,100,10,10,0.1,"[1, 10, 15, 20, 25]",20240705_205338
True,False,False,False,-1,5,AntMaze,False,25000,2500,25,15,-1,2000,100,,model,log,2,2,200000,100,10,10,0.1,"[1, 10, 15, 20, 25]",20240705_205430
True,False,False,False,-1,5,AntMaze,False,25000,2500,25,15,-1,2000,100,,model,log,2,2,200000,100,10,10,0.1,"[1, 10, 15, 20, 25]",20240705_205652
True,False,False,False,-1,5,AntMaze,False,25000,2500,25,15,-1,2000,100,,model,log,2,2,200000,100,10,10,0.1,"[1, 10, 15, 20, 25]",20240705_205826
True,False,False,False,-1,5,AntMaze,False,25000,500,25,15,-1,2000,100,,model,log,2,2,200000,100,10,10,0.1,"[1, 10, 15, 20, 25]",20240705_212016
True,False,False,False,-1,5,AntMaze,False,25000,500,25,15,-1,2000,100,,model,log,2,2,200000,100,10,10,0.1,"[1, 10, 15, 20, 25]",20240720_155524
True,False,False,False,-1,5,AntMaze,False,25000,500,25,15,-1,2000,100,,model,log,2,2,200000,100,10,10,0.1,"[1, 10, 15, 20, 25]",20240720_155958
True,False,False,False,-1,5,AntMaze,False,25000,500,25,15,-1,2000,100,,model,log,2,2,200000,100,10,10,0.1,"[1, 10, 15, 20, 25]",20240720_160113
True,False,False,False,-1,5,AntMaze,False,25000,500,25,15,-1,2000,100,,model,log,2,2,200000,100,10,10,0.1,"[1, 10, 15, 20, 25]",20240720_160148
True,False,False,False,-1,5,AntMaze,False,25000,500,25,15,-1,2000,100,,model,log,2,2,200000,100,10,10,0.1,"[1, 10, 15, 20, 25]",20240720_160242
True,False,False,False,-1,5,AntMaze,False,25000,500,25,15,-1,2000,100,,model,log,2,2,200000,100,10,10,0.1,"[1, 10, 15, 20, 25]",20240720_160342
True,False,False,False,-1,5,AntMaze,False,25000,500,25,15,-1,2000,100,,model,log,2,2,200000,100,10,10,0.1,"[1, 10, 15, 20, 25]",20240720_160405
True,False,False,False,-1,5,AntMaze,False,25000,500,25,15,-1,2000,100,,model,log,2,2,200000,100,10,10,0.1,"[1, 10, 15, 20, 25]",20240720_160711
True,False,False,False,-1,5,AntMaze,False,25000,500,25,15,-1,2000,100,,model,log,2,2,200000,100,10,10,0.1,"[1, 10, 15, 20, 25]",20240720_161106
True,False,False,False,-1,5,AntMaze,False,25000,500,25,15,-1,2000,100,,model,log,2,2,200000,100,10,10,0.1,"[1, 10, 15, 20, 25]",20240720_161710
True,False,False,False,-1,5,AntMaze,False,25000,500,25,15,-1,2000,100,,model,log,2,2,200000,100,10,10,0.1,"[1, 10, 15, 20, 25]",20240720_162428
True,False,False,False,-1,5,AntMaze,False,25000,500,25,15,-1,2000,100,,model,log,2,2,200000,100,10,10,0.1,"[1, 10, 15, 20, 25]",20240720_162917
True,False,False,False,-1,5,AntMaze,False,25000,500,25,15,-1,2000,100,,model,log,2,2,200000,100,10,10,0.1,"[1, 10, 15, 20, 25]",20240720_163453
True,False,False,False,-1,5,AntMaze,False,25000,500,25,15,-1,2000,100,,model,log,2,2,200000,100,10,10,0.1,"[1, 10, 15, 20, 25]",20240720_163601
True,False,False,False,-1,5,AntMaze,False,25000,500,25,15,-1,2000,100,,model,log,2,2,200000,100,10,10,0.1,"[1, 10, 15, 20, 25]",20240720_163711
True,False,False,False,-1,5,AntMaze,False,25000,500,25,15,-1,2000,100,,model,log,2,2,200000,100,10,10,0.1,"[1, 10, 15, 20, 25]",20240720_163905
True,False,False,False,-1,5,AntMaze,False,25000,500,25,15,-1,2000,100,,model,log,2,2,200000,100,10,10,0.1,"[1, 10, 15, 20, 25]",20240720_164115
True,False,False,False,-1,5,AntMaze,False,25000,500,25,15,-1,2000,100,,model,log,2,2,200000,100,10,10,0.1,"[1, 10, 15, 20, 25]",20240720_164207
True,False,False,False,-1,5,AntMaze,False,25000,500,25,15,-1,2000,100,,model,log,2,2,200000,100,10,10,0.1,"[1, 10, 15, 20, 25]",20240720_164235
True,False,False,False,-1,5,AntMaze,False,25000,500,25,15,-1,2000,100,,model,log,2,2,200000,100,10,10,0.1,"[1, 10, 15, 20, 25]",20240720_164341
True,False,False,False,-1,5,AntMaze,False,25000,500,25,15,-1,2000,100,,model,log,2,2,200000,100,10,10,0.1,"[1, 10, 15, 20, 25]",20240720_164429
True,False,False,False,-1,5,AntMaze,False,25000,500,25,15,-1,2000,100,,model,log,2,2,200000,100,10,10,0.1,"[1, 10, 15, 20, 25]",20240720_164652
True,False,False,False,-1,5,AntMaze,False,25000,500,25,15,-1,2000,100,,model,log,2,2,200000,100,10,10,0.1,"[1, 10, 15, 20, 25]",20240720_165016
True,False,False,False,-1,5,AntMaze,False,25000,500,25,15,-1,2000,100,,model,log,2,2,200000,100,10,10,0.1,"[1, 10, 15, 20, 25]",20240720_165230
True,False,False,False,-1,5,AntMaze,False,25000,500,25,15,-1,2000,100,,model,log,2,2,200000,100,10,10,0.1,"[1, 10, 15, 20, 25]",20240720_165510
True,False,False,False,-1,5,AntMaze,False,25000,500,25,15,-1,2000,100,,model,log,2,2,200000,100,10,10,0.1,"[1, 10, 15, 20, 25]",20240720_165751
True,False,False,False,-1,5,AntMaze,False,25000,500,25,15,-1,2000,100,,model,log,2,2,200000,100,10,10,0.1,"[1, 10, 15, 20, 25]",20240720_165823
True,False,False,False,-1,5,AntMaze,False,25000,500,25,15,-1,2000,100,,model,log,2,2,200000,100,10,10,0.1,"[1, 10, 15, 20, 25]",20240720_165907
True,False,False,False,-1,5,AntMaze,False,25000,500,25,15,-1,2000,100,,model,log,2,2,200000,100,10,10,0.1,"[1, 10, 15, 20, 25]",20240720_170143
True,False,False,False,-1,5,AntMaze,False,25000,500,25,15,-1,2000,100,,model,log,2,2,200000,100,10,10,0.1,"[1, 10, 15, 20, 25]",20240720_170823
True,False,False,False,-1,5,AntMaze,False,25000,500,25,15,-1,2000,100,,model,log,2,2,200000,100,10,10,0.1,"[1, 10, 15, 20, 25]",20240720_170858
True,False,False,False,-1,5,AntMaze,False,25000,500,25,15,-1,2000,100,,model,log,2,2,200000,100,10,10,0.1,"[1, 10, 15, 20, 25]",20240720_170956
True,False,False,False,-1,5,AntMaze,False,25000,500,25,15,-1,2000,100,,model,log,2,2,200000,100,10,10,0.1,"[1, 10, 15, 20, 25]",20240720_171105
True,False,False,False,-1,5,AntMaze,False,25000,500,25,15,-1,2000,100,,model,log,2,2,200000,100,10,10,0.1,"[1, 10, 15, 20, 25]",20240720_171249
True,False,False,False,-1,5,AntMaze,False,25000,500,25,15,-1,2000,100,,model,log,2,2,200000,100,10,10,0.1,"[1, 10, 15, 20, 25]",20240720_171339
True,False,False,False,-1,5,AntMaze,False,25000,500,25,15,-1,2000,100,,model,log,2,2,200000,100,10,10,0.1,"[1, 10, 15, 20, 25]",20240720_171700
True,False,False,False,-1,5,AntMaze,False,25000,500,25,15,-1,2000,100,,model,log,2,2,200000,100,10,10,0.1,"[1, 10, 15, 20, 25]",20240720_172319
True,False,False,False,-1,5,AntMaze,False,25000,500,25,15,-1,2000,100,,model,log,2,2,200000,100,10,10,0.1,"[1, 10, 15, 20, 25]",20240720_172958
True,False,False,False,-1,5,AntMaze,False,25000,500,25,15,-1,2000,100,,model,log,2,2,200000,100,10,10,0.1,"[1, 10, 15, 20, 25]",20240720_173039
True,False,False,False,-1,5,AntMaze,False,25000,500,25,15,-1,2000,100,,model,log,2,2,200000,100,10,10,0.1,"[1, 10, 15, 20, 25]",20240720_173841
True,False,False,False,-1,5,AntMaze,False,25000,500,25,15,-1,2000,100,,model,log,2,2,200000,100,10,10,0.1,"[1, 10, 15, 20, 25]",20240720_174303
True,False,False,False,-1,5,AntMaze,False,25000,100,25,15,-1,2000,100,,model,log,2,2,200000,100,10,10,0.1,"[1, 10, 15, 20, 25]",20240720_174522
True,False,False,False,-1,5,AntMaze,False,25000,500,25,15,-1,2000,100,,model,log,2,2,200000,100,10,10,0.1,"[1, 10, 15, 20, 25]",20240720_174945
True,False,False,False,-1,5,AntMaze,False,25000,500,25,15,-1,2000,100,,model,log,2,2,200000,100,10,10,0.1,"[1, 10, 15, 20, 25]",20240720_180049
True,False,False,False,-1,5,AntMaze,False,25000,500,25,15,-1,2000,100,,model,log,2,2,200000,100,10,10,0.1,"[1, 10, 15, 20, 25]",20240720_181153
True,False,False,False,-1,5,AntMaze,False,25000,500,25,15,-1,2000,100,,model,log,2,2,200000,100,10,10,0.1,"[1, 10, 15, 20, 25]",20240722_202140
True,False,False,False,-1,5,AntMaze,False,25000,500,25,15,-1,2000,100,,model,log,2,2,200000,100,10,10,0.1,"[1, 10, 15, 20, 25]",20240722_203230
True,False,False,False,-1,5,AntMaze,False,25000,500,25,15,-1,2000,100,,model,log,2,2,200000,500,10,10,0.1,"[1, 10, 15, 20, 25]",20240722_205034
True,False,False,False,-1,5,AntMaze,False,25000,500,25,15,-1,2000,100,,model,log,2,2,200000,1500,10,10,0.1,"[1, 10, 15, 20, 25]",20240722_205145
True,False,False,False,-1,5,AntMaze,False,25000,500,25,15,-1,2000,100,,model,log,2,2,200000,1500,10,10,0.1,"[1, 10, 15, 20, 25]",20240723_201509
True,False,False,False,-1,5,AntMaze,False,25000,500,25,15,-1,2000,100,,model,log,2,2,200000,1500,10,10,0.1,"[1, 10, 15, 20, 25]",20240723_202214
True,False,False,False,-1,5,AntMaze,False,25000,500,25,15,-1,2000,100,,model,log,2,2,200000,1500,10,10,0.1,"[1, 10, 15, 20, 25]",20240723_202309
True,False,False,False,-1,5,AntMaze,False,25000,500,25,15,-1,2000,100,,model,log,2,2,200000,1500,10,10,0.1,"[1, 10, 15, 20, 25]",20240723_202624
True,False,False,False,-1,5,AntMaze,False,25000,500,25,15,-1,2000,100,,model,log,2,2,200000,1500,10,10,0.1,"[1, 10, 15, 20, 25]",20240723_203132
True,False,False,False,-1,5,AntMaze,False,25000,500,25,15,-1,2000,100,,model,log,2,2,200000,1500,10,10,0.1,"[1, 10, 15, 20, 25]",20240723_203932
True,False,False,False,-1,5,AntMaze,False,25000,500,25,15,-1,2000,100,,model,log,2,2,200000,1500,10,10,0.1,"[1, 10, 15, 20, 25]",20240723_204237
True,False,False,False,-1,5,AntMaze,False,25000,500,25,15,-1,2000,100,,model,log,2,2,200000,1500,10,10,0.1,"[1, 10, 15, 20, 25]",20240723_204509
True,False,False,False,-1,5,AntMaze,False,25000,500,25,15,-1,2000,100,,model,log,2,2,200000,1500,10,10,0.1,"[1, 10, 15, 20, 25]",20240723_204843
True,False,False,False,-1,5,AntMaze,False,25000,500,25,15,-1,2000,100,,model,log,2,2,200000,1500,10,10,0.1,"[1, 10, 15, 20, 25]",20240723_205057
True,False,False,False,-1,5,AntMaze,False,25000,500,25,15,-1,2000,100,,model,log,2,2,200000,1500,10,10,0.1,"[1, 10, 15, 20, 25]",20240723_205819
True,False,False,False,-1,5,AntMaze,False,25000,500,25,15,-1,2000,100,,model,log,2,2,200000,1500,10,10,0.1,"[1, 10, 15, 20, 25]",20240723_210429
True,False,False,False,-1,5,AntMaze,False,25000,500,25,15,-1,2000,100,,model,log,2,2,200000,1500,10,10,0.1,"[1, 10, 15, 20, 25]",20240723_212432
True,False,False,False,-1,5,AntMaze,False,25000,500,25,15,-1,2000,100,,model,log,2,2,200000,1500,10,10,0.1,"[1, 10, 15, 20, 25]",20240723_212640
True,False,False,False,-1,5,AntMaze,False,25000,500,25,15,-1,2000,100,,model,log,2,2,200000,1500,10,10,0.1,"[1, 10, 15, 20, 25]",20240723_212814
True,False,False,False,-1,5,AntMaze,False,25000,500,25,15,-1,2000,100,,model,log,2,2,200000,1500,10,10,0.1,"[1, 10, 15, 20, 25]",20240723_213044
True,False,False,False,-1,5,AntMaze,False,25000,500,25,15,-1,2000,100,,model,log,2,2,200000,1500,10,10,0.1,"[1, 10, 15, 20, 25]",20240723_213132
True,False,False,False,-1,5,AntMaze,False,25000,500,25,15,-1,2000,100,,model,log,2,2,200000,1500,10,10,0.1,"[1, 10, 15, 20, 25]",20240723_213255
True,False,False,False,-1,5,AntMaze,False,25000,500,25,15,-1,2000,100,,model,log,2,2,200000,1500,10,10,0.1,"[1, 10, 15, 20, 25]",20240723_213400
True,False,False,False,-1,5,AntMaze,False,25000,500,25,15,-1,2000,100,,model,log,2,2,200000,1500,10,10,0.1,"[1, 10, 15, 20, 25]",20240723_213725
True,False,False,False,-1,5,AntMaze,False,25000,500,25,15,-1,2000,100,,model,log,2,2,200000,1500,10,10,0.1,"[1, 10, 15, 20, 25]",20240723_214243
True,False,False,False,-1,5,AntMaze,False,25000,500,25,15,-1,2000,100,,model,log,2,2,200000,1500,10,10,0.1,"[1, 10, 15, 20, 25]",20240723_214654
True,False,False,False,-1,5,AntMaze,False,25000,500,25,15,-1,2000,100,,model,log,2,2,200000,1500,10,10,0.1,"[1, 10, 15, 20, 25]",20240723_214745
True,False,False,False,-1,5,AntMaze,False,25000,500,25,15,-1,2000,100,,model,log,2,2,200000,1500,10,10,0.1,"[1, 10, 15, 20, 25]",20240723_214841
True,False,False,False,-1,5,AntMaze,False,25000,500,25,15,-1,2000,100,,model,log,2,2,200000,1500,10,10,0.1,"[1, 10, 15, 20, 25]",20240723_214956
True,False,False,False,-1,5,AntMaze,False,25000,500,25,15,-1,2000,100,,model,log,2,2,200000,1500,10,10,0.1,"[1, 10, 15, 20, 25]",20240723_215154
True,False,False,False,-1,5,AntMaze,False,25000,500,25,15,-1,2000,100,,model,log,2,2,200000,1500,10,10,0.1,"[1, 10, 15, 20, 25]",20240723_215834
True,False,False,False,-1,5,AntMaze,False,25000,500,25,15,-1,2000,100,,model,log,2,2,200000,1500,10,10,0.1,"[1, 10, 15, 20, 25]",20240723_220032
True,False,False,False,-1,5,AntMaze,False,25000,500,25,15,-1,2000,100,,model,log,2,2,200000,1500,10,10,0.1,"[1, 10, 15, 20, 25]",20240723_220542
True,False,False,False,-1,5,AntMaze,False,25000,500,25,15,-1,2000,100,,model,log,2,2,200000,1500,10,10,0.1,"[1, 10, 15, 20, 25]",20240723_220743
True,False,False,False,-1,5,AntMaze,False,25000,500,25,15,-1,2000,100,,model,log,2,2,200000,1500,10,10,0.1,"[1, 10, 15, 20, 25]",20240723_220900
True,False,False,False,-1,5,AntMaze,False,25000,500,25,15,-1,2000,100,,model,log,2,2,200000,1500,10,10,0.1,"[1, 10, 15, 20, 25]",20240723_221106
True,False,False,False,-1,5,AntMaze,False,25000,500,25,15,-1,2000,100,,model,log,2,2,200000,1500,10,10,0.1,"[1, 10, 15, 20, 25]",20240723_221207
True,False,False,False,-1,5,AntMaze,False,25000,500,25,15,-1,2000,100,,model,log,2,2,200000,1500,10,10,0.1,"[1, 10, 15, 20, 25]",20240723_221302
True,False,False,False,-1,5,AntMaze,False,25000,500,25,15,-1,2000,100,,model,log,2,2,200000,1500,10,10,0.1,"[1, 10, 15, 20, 25]",20240723_221534
True,False,False,False,-1,5,AntMaze,False,25000,500,25,15,-1,2000,100,,model,log,2,2,200000,1500,10,10,0.1,"[1, 10, 15, 20, 25]",20240723_221628
True,False,False,False,-1,5,AntMaze,False,25000,500,25,15,-1,2000,100,,model,log,2,2,200000,1500,10,10,0.1,"[1, 10, 15, 20, 25]",20240723_221714
True,False,False,False,-1,5,AntMaze,False,25000,500,25,15,-1,2000,100,,model,log,2,2,200000,1500,10,10,0.1,"[1, 10, 15, 20, 25]",20240723_221747
True,False,False,False,-1,5,AntMaze,False,25000,500,25,15,-1,2000,100,,model,log,2,2,200000,1500,10,10,0.1,"[1, 10, 15, 20, 25]",20240723_221836
True,False,False,False,-1,5,AntMaze,False,25000,500,25,15,-1,2000,100,,model,log,2,2,200000,1500,10,10,0.1,"[1, 10, 15, 20, 25]",20240723_222008
True,False,False,False,-1,5,AntMaze,False,25000,500,25,15,-1,2000,100,,model,log,2,2,200000,1500,10,10,0.1,"[1, 10, 15, 20, 25]",20240723_222051
True,False,False,False,-1,5,AntMaze,False,25000,500,25,15,-1,2000,100,,model,log,2,2,200000,1500,10,10,0.1,"[1, 10, 15, 20, 25]",20240723_222131
True,False,False,False,-1,5,AntMaze,False,25000,500,25,15,-1,2000,100,,model,log,2,2,200000,1500,10,10,0.1,"[1, 10, 15, 20, 25]",20240723_222206
True,False,False,False,-1,5,AntMaze,False,25000,500,25,15,-1,2000,100,,model,log,2,2,200000,1500,10,10,0.1,"[1, 10, 15, 20, 25]",20240723_222241
True,False,False,False,-1,5,AntMaze,False,25000,500,25,15,-1,2000,100,,model,log,2,2,200000,1500,10,10,0.1,"[1, 10, 15, 20, 25]",20240723_222352
True,False,False,False,-1,5,AntMaze,False,25000,500,25,15,-1,2000,100,,model,log,2,2,200000,1500,10,10,0.1,"[1, 10, 15, 20, 25]",20240723_222415
True,False,False,False,-1,5,AntMaze,False,25000,500,25,15,-1,2000,100,,model,log,2,2,200000,1500,10,10,0.1,"[1, 10, 15, 20, 25]",20240723_222455
True,False,False,False,-1,5,AntMaze,False,25000,500,25,15,-1,2000,100,,model,log,2,2,200000,1500,10,10,0.1,"[1, 10, 15, 20, 25]",20240723_222548
True,False,False,False,-1,5,AntMaze,False,25000,500,25,15,-1,2000,100,,model,log,2,2,200000,1500,10,10,0.1,"[1, 10, 15, 20, 25]",20240723_222613
True,False,False,False,-1,5,AntMaze,False,25000,500,25,15,-1,2000,100,,model,log,2,2,200000,1500,10,10,0.1,"[1, 10, 15, 20, 25]",20240723_222829
True,False,False,False,-1,5,AntMaze,False,25000,500,25,15,-1,2000,100,,model,log,2,2,200000,1500,10,10,0.1,"[1, 10, 15, 20, 25]",20240723_223000
True,False,False,False,-1,5,AntMaze,False,25000,500,25,15,-1,2000,100,,model,log,2,2,200000,1500,10,10,0.1,"[1, 10, 15, 20, 25]",20240724_090133
True,False,False,False,-1,5,AntMaze,False,25000,500,25,15,-1,2000,100,,model,log,2,2,200000,1500,10,10,0.1,"[1, 10, 15, 20, 25]",20240724_090308
True,False,False,False,-1,5,AntMaze,False,25000,500,25,15,-1,2000,100,,model,log,2,2,200000,1500,10,10,0.1,"[1, 10, 15, 20, 25]",20240724_090830
True,False,False,False,-1,5,AntMaze,False,25000,500,25,15,-1,2000,100,,model,log,2,2,200000,1500,10,10,0.1,"[1, 10, 15, 20, 25]",20240724_091000
True,False,False,False,-1,5,AntMaze,False,25000,500,25,15,-1,2000,100,,model,log,2,2,200000,1500,10,10,0.1,"[1, 10, 15, 20, 25]",20240724_091029
True,False,False,False,-1,5,AntMaze,False,25000,500,25,15,-1,2000,100,,model,log,2,2,200000,1500,10,10,0.1,"[1, 10, 15, 20, 25]",20240724_091049
True,False,False,False,-1,5,AntMaze,False,25000,500,25,15,-1,2000,100,,model,log,2,2,200000,1500,10,10,0.1,"[1, 10, 15, 20, 25]",20240724_091131
True,False,False,False,-1,5,AntMaze,False,25000,500,25,15,-1,2000,100,,model,log,2,2,200000,1500,10,10,0.1,"[1, 10, 15, 20, 25]",20240724_091419
True,False,False,False,-1,5,AntMaze,False,25000,500,25,15,-1,2000,100,,model,log,2,2,200000,1500,10,10,0.1,"[1, 10, 15, 20, 25]",20240724_091534
